experiment_name,class_name,support_pos,support_neg,threshold,precision,recall,f1,auroc,ap
coocc8_seed42,TonguePale,93,802,0.65,0.3813,0.5699,0.4569,0.8269,0.3863
coocc8_seed42,TipSideRed,369,526,0.2,0.5745,0.8564,0.6877,0.7962,0.7544
coocc8_seed42,Spot,422,473,0.37,0.7888,0.8318,0.8097,0.8994,0.8998
coocc8_seed42,Ecchymosis,82,813,0.38,0.4019,0.5244,0.4550,0.7989,0.4360
coocc8_seed42,Crack,747,148,0.28,0.9087,0.9465,0.9272,0.8972,0.9773
coocc8_seed42,Toothmark,541,354,0.15,0.7952,0.9187,0.8525,0.8948,0.9311
coocc8_seed42,FurThick,870,25,0.05,0.9721,1.0000,0.9858,0.8888,0.9962
coocc8_seed42,FurYellow,156,739,0.84,0.8156,0.7372,0.7744,0.9506,0.8387
color_pale,TonguePale,93,802,0.66,0.3039,0.5914,0.4015,0.8077,0.3548
color_pale,TipSideRed,369,526,0.34,0.5397,0.7182,0.6163,0.7268,0.6734
color_pale,Spot,422,473,0.43,0.5071,0.8483,0.6348,0.6400,0.6011
color_pale,Ecchymosis,82,813,0.54,0.2364,0.1585,0.1898,0.6351,0.1582
color_pale,Crack,747,148,0.05,0.8346,1.0000,0.9099,0.5393,0.8554
color_pale,Toothmark,541,354,0.28,0.6190,0.9519,0.7502,0.6342,0.7065
color_pale,FurThick,870,25,0.05,0.9721,1.0000,0.9858,0.8375,0.9936
color_pale,FurYellow,156,739,0.71,0.7192,0.6731,0.6954,0.9117,0.7396
int_dualot_coocc,TonguePale,93,802,0.4,0.3733,0.6022,0.4609,0.8357,0.3663
int_dualot_coocc,TipSideRed,369,526,0.38,0.5779,0.8347,0.6829,0.7975,0.7631
int_dualot_coocc,Spot,422,473,0.45,0.8470,0.7607,0.8015,0.9052,0.9050
int_dualot_coocc,Ecchymosis,82,813,0.21,0.2355,0.6951,0.3519,0.8074,0.4420
int_dualot_coocc,Crack,747,148,0.19,0.8857,0.9652,0.9238,0.8904,0.9744
int_dualot_coocc,Toothmark,541,354,0.17,0.7943,0.9205,0.8527,0.9006,0.9348
int_dualot_coocc,FurThick,870,25,0.05,0.9721,1.0000,0.9858,0.9311,0.9979
int_dualot_coocc,FurYellow,156,739,0.91,0.7407,0.7692,0.7547,0.9483,0.8363
coocc8_seed43,TonguePale,93,802,0.46,0.3012,0.5376,0.3861,0.8007,0.3407
coocc8_seed43,TipSideRed,369,526,0.37,0.5601,0.8455,0.6739,0.7891,0.7476
coocc8_seed43,Spot,422,473,0.4,0.7574,0.8507,0.8013,0.8957,0.8930
coocc8_seed43,Ecchymosis,82,813,0.51,0.3308,0.5366,0.4093,0.8161,0.4519
coocc8_seed43,Crack,747,148,0.19,0.9098,0.9451,0.9271,0.8990,0.9781
coocc8_seed43,Toothmark,541,354,0.33,0.7799,0.9168,0.8428,0.8959,0.9314
coocc8_seed43,FurThick,870,25,0.05,0.9721,1.0000,0.9858,0.9137,0.9973
coocc8_seed43,FurYellow,156,739,0.78,0.7152,0.7564,0.7352,0.9340,0.8006
coocc8_seed44,TonguePale,93,802,0.33,0.2733,0.5054,0.3547,0.8009,0.3081
coocc8_seed44,TipSideRed,369,526,0.38,0.6040,0.7398,0.6650,0.7719,0.7258
coocc8_seed44,Spot,422,473,0.44,0.7543,0.8365,0.7933,0.8926,0.8898
coocc8_seed44,Ecchymosis,82,813,0.4,0.2487,0.5732,0.3469,0.7719,0.3983
coocc8_seed44,Crack,747,148,0.29,0.9051,0.9572,0.9304,0.8913,0.9743
coocc8_seed44,Toothmark,541,354,0.39,0.7941,0.8983,0.8430,0.8840,0.9220
coocc8_seed44,FurThick,870,25,0.05,0.9721,1.0000,0.9858,0.8778,0.9961
coocc8_seed44,FurYellow,156,739,0.65,0.6952,0.8333,0.7580,0.9478,0.8205
coocc8_seed45,TonguePale,93,802,0.76,0.3426,0.3978,0.3682,0.7844,0.3013
coocc8_seed45,TipSideRed,369,526,0.37,0.6352,0.6748,0.6544,0.7820,0.7428
coocc8_seed45,Spot,422,473,0.51,0.8204,0.7796,0.7995,0.8994,0.8941
coocc8_seed45,Ecchymosis,82,813,0.14,0.2391,0.5366,0.3308,0.7925,0.4022
coocc8_seed45,Crack,747,148,0.1,0.8899,0.9625,0.9248,0.8903,0.9722
coocc8_seed45,Toothmark,541,354,0.37,0.7981,0.9131,0.8517,0.8961,0.9291
coocc8_seed45,FurThick,870,25,0.05,0.9721,1.0000,0.9858,0.8653,0.9956
coocc8_seed45,FurYellow,156,739,0.84,0.8175,0.7179,0.7645,0.9483,0.8482
coocc8_seed46,TonguePale,93,802,0.75,0.3267,0.5269,0.4033,0.8207,0.3330
coocc8_seed46,TipSideRed,369,526,0.26,0.5803,0.8320,0.6837,0.7861,0.7410
coocc8_seed46,Spot,422,473,0.24,0.7505,0.8483,0.7964,0.8937,0.8932
coocc8_seed46,Ecchymosis,82,813,0.49,0.2511,0.6951,0.3689,0.8118,0.4342
coocc8_seed46,Crack,747,148,0.14,0.9015,0.9438,0.9222,0.8902,0.9747
coocc8_seed46,Toothmark,541,354,0.46,0.7901,0.9113,0.8464,0.8954,0.9314
coocc8_seed46,FurThick,870,25,0.05,0.9721,1.0000,0.9858,0.9054,0.9969
coocc8_seed46,FurYellow,156,739,0.59,0.7576,0.8013,0.7788,0.9450,0.8122
coocc8_seed47,TonguePale,93,802,0.45,0.2846,0.3978,0.3318,0.7540,0.3197
coocc8_seed47,TipSideRed,369,526,0.33,0.5728,0.7995,0.6674,0.7820,0.7366
coocc8_seed47,Spot,422,473,0.66,0.8111,0.7938,0.8024,0.8998,0.8921
coocc8_seed47,Ecchymosis,82,813,0.08,0.2222,0.6341,0.3291,0.7996,0.4647
coocc8_seed47,Crack,747,148,0.08,0.8844,0.9625,0.9218,0.8913,0.9751
coocc8_seed47,Toothmark,541,354,0.32,0.8133,0.9020,0.8554,0.8958,0.9279
coocc8_seed47,FurThick,870,25,0.05,0.9721,1.0000,0.9858,0.8914,0.9963
coocc8_seed47,FurYellow,156,739,0.51,0.7500,0.7885,0.7688,0.9418,0.8051
